[
    {
      "question": "Can Nizar fly?",
      "answer": "t",
      "tag": 1
    },
    {
      "question": "Can Josh fly?",
      "answer": "t",
      "tag": 2
    },
    {
      "question": "Can Nizar fly?",
      "answer": "t",
      "tag": 3
    },
     {
      "question": "Can Josh fly?",
      "answer": "t",
      "tag": 4
    },
    {
      "question": "Can Nizar fly?",
      "answer": "t",
      "tag": 5
    },
    {
      "question": "Can Josh fly?",
      "answer": "t",
      "tag": 6
    }
]

